 rotulo;Foz Rio Urubu
1/JANUARY/2016;None
2/JANUARY/2016;None
3/JANUARY/2016;None
4/JANUARY/2016;None
5/JANUARY/2016;None
6/JANUARY/2016;None
7/JANUARY/2016;None
8/JANUARY/2016;None
9/JANUARY/2016;None
10/JANUARY/2016;None
11/JANUARY/2016;None
12/JANUARY/2016;None
13/JANUARY/2016;None
14/JANUARY/2016;None
15/JANUARY/2016;None
16/JANUARY/2016;None
17/JANUARY/2016;None
18/JANUARY/2016;None
19/JANUARY/2016;None
20/JANUARY/2016;None
21/JANUARY/2016;None
22/JANUARY/2016;None
23/JANUARY/2016;None
24/JANUARY/2016;None
25/JANUARY/2016;None
26/JANUARY/2016;None
27/JANUARY/2016;None
28/JANUARY/2016;None
29/JANUARY/2016;None
30/JANUARY/2016;None
31/JANUARY/2016;None
1/FEBRUARY/2016;None
2/FEBRUARY/2016;None
3/FEBRUARY/2016;None
4/FEBRUARY/2016;None
5/FEBRUARY/2016;None
6/FEBRUARY/2016;None
7/FEBRUARY/2016;None
8/FEBRUARY/2016;None
9/FEBRUARY/2016;None
10/FEBRUARY/2016;None
11/FEBRUARY/2016;None
12/FEBRUARY/2016;None
13/FEBRUARY/2016;None
14/FEBRUARY/2016;None
15/FEBRUARY/2016;None
16/FEBRUARY/2016;None
17/FEBRUARY/2016;None
18/FEBRUARY/2016;None
19/FEBRUARY/2016;None
20/FEBRUARY/2016;None
21/FEBRUARY/2016;None
22/FEBRUARY/2016;None
23/FEBRUARY/2016;None
24/FEBRUARY/2016;None
25/FEBRUARY/2016;None
26/FEBRUARY/2016;None
27/FEBRUARY/2016;None
28/FEBRUARY/2016;None
29/FEBRUARY/2016;None
30/FEBRUARY/2016;None
31/FEBRUARY/2016;None
1/MARCH/2016;None
2/MARCH/2016;None
3/MARCH/2016;None
4/MARCH/2016;None
5/MARCH/2016;None
6/MARCH/2016;None
7/MARCH/2016;None
8/MARCH/2016;None
9/MARCH/2016;None
10/MARCH/2016;None
11/MARCH/2016;None
12/MARCH/2016;None
13/MARCH/2016;None
14/MARCH/2016;None
15/MARCH/2016;None
16/MARCH/2016;None
17/MARCH/2016;None
18/MARCH/2016;None
19/MARCH/2016;None
20/MARCH/2016;None
21/MARCH/2016;None
22/MARCH/2016;None
23/MARCH/2016;None
24/MARCH/2016;None
25/MARCH/2016;None
26/MARCH/2016;None
27/MARCH/2016;None
28/MARCH/2016;None
29/MARCH/2016;None
30/MARCH/2016;None
31/MARCH/2016;None
1/APRIL/2016;None
2/APRIL/2016;None
3/APRIL/2016;None
4/APRIL/2016;None
5/APRIL/2016;None
6/APRIL/2016;None
7/APRIL/2016;None
8/APRIL/2016;None
9/APRIL/2016;None
10/APRIL/2016;None
11/APRIL/2016;None
12/APRIL/2016;None
13/APRIL/2016;None
14/APRIL/2016;None
15/APRIL/2016;None
16/APRIL/2016;None
17/APRIL/2016;None
18/APRIL/2016;None
19/APRIL/2016;None
20/APRIL/2016;None
21/APRIL/2016;None
22/APRIL/2016;None
23/APRIL/2016;None
24/APRIL/2016;None
25/APRIL/2016;None
26/APRIL/2016;None
27/APRIL/2016;None
28/APRIL/2016;None
29/APRIL/2016;None
30/APRIL/2016;None
31/APRIL/2016;None
1/MAY/2016;None
2/MAY/2016;None
3/MAY/2016;None
4/MAY/2016;None
5/MAY/2016;None
6/MAY/2016;None
7/MAY/2016;None
8/MAY/2016;None
9/MAY/2016;None
10/MAY/2016;None
11/MAY/2016;None
12/MAY/2016;None
13/MAY/2016;None
14/MAY/2016;None
15/MAY/2016;None
16/MAY/2016;None
17/MAY/2016;None
18/MAY/2016;None
19/MAY/2016;None
20/MAY/2016;None
21/MAY/2016;None
22/MAY/2016;None
23/MAY/2016;None
24/MAY/2016;None
25/MAY/2016;None
26/MAY/2016;None
27/MAY/2016;None
28/MAY/2016;None
29/MAY/2016;None
30/MAY/2016;None
31/MAY/2016;None
1/JUNE/2016;None
2/JUNE/2016;None
3/JUNE/2016;None
4/JUNE/2016;None
5/JUNE/2016;None
6/JUNE/2016;None
7/JUNE/2016;None
8/JUNE/2016;None
9/JUNE/2016;None
10/JUNE/2016;None
11/JUNE/2016;None
12/JUNE/2016;None
13/JUNE/2016;None
14/JUNE/2016;None
15/JUNE/2016;None
16/JUNE/2016;None
17/JUNE/2016;None
18/JUNE/2016;None
19/JUNE/2016;None
20/JUNE/2016;None
21/JUNE/2016;None
22/JUNE/2016;None
23/JUNE/2016;None
24/JUNE/2016;None
25/JUNE/2016;None
26/JUNE/2016;None
27/JUNE/2016;None
28/JUNE/2016;None
29/JUNE/2016;None
30/JUNE/2016;None
31/JUNE/2016;None
1/JULY/2016;None
2/JULY/2016;None
3/JULY/2016;None
4/JULY/2016;None
5/JULY/2016;None
6/JULY/2016;None
7/JULY/2016;None
8/JULY/2016;None
9/JULY/2016;None
10/JULY/2016;None
11/JULY/2016;None
12/JULY/2016;None
13/JULY/2016;None
14/JULY/2016;None
15/JULY/2016;None
16/JULY/2016;None
17/JULY/2016;None
18/JULY/2016;None
19/JULY/2016;None
20/JULY/2016;None
21/JULY/2016;None
22/JULY/2016;None
23/JULY/2016;None
24/JULY/2016;None
25/JULY/2016;None
26/JULY/2016;None
27/JULY/2016;None
28/JULY/2016;None
29/JULY/2016;None
30/JULY/2016;None
31/JULY/2016;None
1/AUGUST/2016;None
2/AUGUST/2016;None
3/AUGUST/2016;None
4/AUGUST/2016;None
5/AUGUST/2016;None
6/AUGUST/2016;None
7/AUGUST/2016;None
8/AUGUST/2016;None
9/AUGUST/2016;None
10/AUGUST/2016;None
11/AUGUST/2016;None
12/AUGUST/2016;None
13/AUGUST/2016;None
14/AUGUST/2016;None
15/AUGUST/2016;None
16/AUGUST/2016;None
17/AUGUST/2016;None
18/AUGUST/2016;None
19/AUGUST/2016;None
20/AUGUST/2016;None
21/AUGUST/2016;None
22/AUGUST/2016;None
23/AUGUST/2016;None
24/AUGUST/2016;None
25/AUGUST/2016;None
26/AUGUST/2016;None
27/AUGUST/2016;None
28/AUGUST/2016;None
29/AUGUST/2016;None
30/AUGUST/2016;None
31/AUGUST/2016;None
1/SEPTEMBER/2016;None
2/SEPTEMBER/2016;None
3/SEPTEMBER/2016;None
4/SEPTEMBER/2016;None
5/SEPTEMBER/2016;None
6/SEPTEMBER/2016;None
7/SEPTEMBER/2016;None
8/SEPTEMBER/2016;None
9/SEPTEMBER/2016;None
10/SEPTEMBER/2016;None
11/SEPTEMBER/2016;None
12/SEPTEMBER/2016;None
13/SEPTEMBER/2016;None
14/SEPTEMBER/2016;None
15/SEPTEMBER/2016;None
16/SEPTEMBER/2016;None
17/SEPTEMBER/2016;None
18/SEPTEMBER/2016;None
19/SEPTEMBER/2016;None
20/SEPTEMBER/2016;None
21/SEPTEMBER/2016;None
22/SEPTEMBER/2016;None
23/SEPTEMBER/2016;None
24/SEPTEMBER/2016;None
25/SEPTEMBER/2016;None
26/SEPTEMBER/2016;None
27/SEPTEMBER/2016;None
28/SEPTEMBER/2016;None
29/SEPTEMBER/2016;None
30/SEPTEMBER/2016;None
31/SEPTEMBER/2016;None
1/OCTOBER/2016;None
2/OCTOBER/2016;None
3/OCTOBER/2016;None
4/OCTOBER/2016;None
5/OCTOBER/2016;None
6/OCTOBER/2016;None
7/OCTOBER/2016;None
8/OCTOBER/2016;None
9/OCTOBER/2016;None
10/OCTOBER/2016;None
11/OCTOBER/2016;None
12/OCTOBER/2016;None
13/OCTOBER/2016;None
14/OCTOBER/2016;None
15/OCTOBER/2016;None
16/OCTOBER/2016;None
17/OCTOBER/2016;None
18/OCTOBER/2016;None
19/OCTOBER/2016;None
20/OCTOBER/2016;None
21/OCTOBER/2016;None
22/OCTOBER/2016;None
23/OCTOBER/2016;None
24/OCTOBER/2016;None
25/OCTOBER/2016;None
26/OCTOBER/2016;None
27/OCTOBER/2016;None
28/OCTOBER/2016;None
29/OCTOBER/2016;None
30/OCTOBER/2016;None
31/OCTOBER/2016;None
1/NOVEMBER/2016;None
2/NOVEMBER/2016;None
3/NOVEMBER/2016;None
4/NOVEMBER/2016;None
5/NOVEMBER/2016;None
6/NOVEMBER/2016;None
7/NOVEMBER/2016;None
8/NOVEMBER/2016;None
9/NOVEMBER/2016;None
10/NOVEMBER/2016;None
11/NOVEMBER/2016;None
12/NOVEMBER/2016;None
13/NOVEMBER/2016;None
14/NOVEMBER/2016;None
15/NOVEMBER/2016;None
16/NOVEMBER/2016;None
17/NOVEMBER/2016;None
18/NOVEMBER/2016;None
19/NOVEMBER/2016;None
20/NOVEMBER/2016;None
21/NOVEMBER/2016;None
22/NOVEMBER/2016;None
23/NOVEMBER/2016;None
24/NOVEMBER/2016;None
25/NOVEMBER/2016;None
26/NOVEMBER/2016;None
27/NOVEMBER/2016;None
28/NOVEMBER/2016;None
29/NOVEMBER/2016;None
30/NOVEMBER/2016;None
31/NOVEMBER/2016;None
1/DECEMBER/2016;None
2/DECEMBER/2016;None
3/DECEMBER/2016;None
4/DECEMBER/2016;None
5/DECEMBER/2016;None
6/DECEMBER/2016;None
7/DECEMBER/2016;None
8/DECEMBER/2016;None
9/DECEMBER/2016;None
10/DECEMBER/2016;None
11/DECEMBER/2016;None
12/DECEMBER/2016;None
13/DECEMBER/2016;None
14/DECEMBER/2016;None
15/DECEMBER/2016;None
16/DECEMBER/2016;None
17/DECEMBER/2016;None
18/DECEMBER/2016;None
19/DECEMBER/2016;None
20/DECEMBER/2016;None
21/DECEMBER/2016;None
22/DECEMBER/2016;None
23/DECEMBER/2016;None
24/DECEMBER/2016;None
25/DECEMBER/2016;None
26/DECEMBER/2016;None
27/DECEMBER/2016;None
28/DECEMBER/2016;None
29/DECEMBER/2016;None
30/DECEMBER/2016;None
31/DECEMBER/2016;None
1/JANUARY/2017;None
2/JANUARY/2017;None
3/JANUARY/2017;None
4/JANUARY/2017;None
5/JANUARY/2017;None
6/JANUARY/2017;None
7/JANUARY/2017;None
8/JANUARY/2017;None
9/JANUARY/2017;None
10/JANUARY/2017;None
11/JANUARY/2017;None
12/JANUARY/2017;None
13/JANUARY/2017;None
14/JANUARY/2017;None
15/JANUARY/2017;None
16/JANUARY/2017;232.62294
17/JANUARY/2017;232.1979
18/JANUARY/2017;235.0729
19/JANUARY/2017;235.71873
20/JANUARY/2017;235.02081
21/JANUARY/2017;234.19565
22/JANUARY/2017;237.10869
23/JANUARY/2017;237
24/JANUARY/2017;238.63542
25/JANUARY/2017;238.6087
26/JANUARY/2017;236.8
27/JANUARY/2017;237.41176
28/JANUARY/2017;238.31522
29/JANUARY/2017;239.30437
30/JANUARY/2017;240.47917
31/JANUARY/2017;244.15625
1/FEBRUARY/2017;249.26042
2/FEBRUARY/2017;257.96875
3/FEBRUARY/2017;258.45834
4/FEBRUARY/2017;257.34784
5/FEBRUARY/2017;260.42392
6/FEBRUARY/2017;261.29166
7/FEBRUARY/2017;262.5341
8/FEBRUARY/2017;259.16666
9/FEBRUARY/2017;259.3646
10/FEBRUARY/2017;261.08694
11/FEBRUARY/2017;265.29166
12/FEBRUARY/2017;271.08047
13/FEBRUARY/2017;281.7294
14/FEBRUARY/2017;298.46875
15/FEBRUARY/2017;339.52173
16/FEBRUARY/2017;384.47726
17/FEBRUARY/2017;421.56522
18/FEBRUARY/2017;450.45834
19/FEBRUARY/2017;469.68964
20/FEBRUARY/2017;483.4086
21/FEBRUARY/2017;492.04346
22/FEBRUARY/2017;499.75
23/FEBRUARY/2017;505.08698
24/FEBRUARY/2017;513.8587
25/FEBRUARY/2017;523.5
26/FEBRUARY/2017;537.6024
27/FEBRUARY/2017;551.19354
28/FEBRUARY/2017;560.1957
29/FEBRUARY/2017;None
30/FEBRUARY/2017;None
31/FEBRUARY/2017;None
1/MARCH/2017;567.5185
2/MARCH/2017;None
3/MARCH/2017;None
4/MARCH/2017;None
5/MARCH/2017;None
6/MARCH/2017;None
7/MARCH/2017;None
8/MARCH/2017;None
9/MARCH/2017;None
10/MARCH/2017;None
11/MARCH/2017;None
12/MARCH/2017;566
13/MARCH/2017;None
14/MARCH/2017;None
15/MARCH/2017;None
16/MARCH/2017;None
17/MARCH/2017;None
18/MARCH/2017;None
19/MARCH/2017;None
20/MARCH/2017;None
21/MARCH/2017;None
22/MARCH/2017;None
23/MARCH/2017;None
24/MARCH/2017;None
25/MARCH/2017;None
26/MARCH/2017;None
27/MARCH/2017;None
28/MARCH/2017;None
29/MARCH/2017;None
30/MARCH/2017;None
31/MARCH/2017;None
1/APRIL/2017;None
2/APRIL/2017;None
3/APRIL/2017;None
4/APRIL/2017;None
5/APRIL/2017;None
6/APRIL/2017;None
7/APRIL/2017;None
8/APRIL/2017;None
9/APRIL/2017;None
10/APRIL/2017;None
11/APRIL/2017;None
12/APRIL/2017;None
13/APRIL/2017;None
14/APRIL/2017;None
15/APRIL/2017;None
16/APRIL/2017;None
17/APRIL/2017;None
18/APRIL/2017;None
19/APRIL/2017;None
20/APRIL/2017;None
21/APRIL/2017;None
22/APRIL/2017;None
23/APRIL/2017;None
24/APRIL/2017;None
25/APRIL/2017;None
26/APRIL/2017;None
27/APRIL/2017;None
28/APRIL/2017;None
29/APRIL/2017;None
30/APRIL/2017;None
31/APRIL/2017;None
1/MAY/2017;None
2/MAY/2017;None
3/MAY/2017;None
4/MAY/2017;None
5/MAY/2017;None
6/MAY/2017;None
7/MAY/2017;None
8/MAY/2017;None
9/MAY/2017;None
10/MAY/2017;None
11/MAY/2017;None
12/MAY/2017;None
13/MAY/2017;None
14/MAY/2017;None
15/MAY/2017;None
16/MAY/2017;None
17/MAY/2017;None
18/MAY/2017;None
19/MAY/2017;None
20/MAY/2017;None
21/MAY/2017;None
22/MAY/2017;None
23/MAY/2017;None
24/MAY/2017;None
25/MAY/2017;None
26/MAY/2017;None
27/MAY/2017;None
28/MAY/2017;None
29/MAY/2017;None
30/MAY/2017;None
31/MAY/2017;None
1/JUNE/2017;303.35416
2/JUNE/2017;338.3125
3/JUNE/2017;386.77084
4/JUNE/2017;400.0625
5/JUNE/2017;420.3958
6/JUNE/2017;425.25
7/JUNE/2017;426.1042
8/JUNE/2017;427.0417
9/JUNE/2017;427.43182
10/JUNE/2017;429.78128
11/JUNE/2017;427.46875
12/JUNE/2017;423.03122
13/JUNE/2017;417.0104
14/JUNE/2017;407.51044
15/JUNE/2017;396.20834
16/JUNE/2017;385.8646
17/JUNE/2017;376.2396
18/JUNE/2017;366.60416
19/JUNE/2017;359.22916
20/JUNE/2017;365.4375
21/JUNE/2017;383.65625
22/JUNE/2017;398.08334
23/JUNE/2017;409.3646
24/JUNE/2017;416.91666
25/JUNE/2017;417.28125
26/JUNE/2017;417.71875
27/JUNE/2017;420.53122
28/JUNE/2017;420.2083
29/JUNE/2017;414.16666
30/JUNE/2017;406.38544
31/JUNE/2017;None
1/JULY/2017;397.8125
2/JULY/2017;385.71875
3/JULY/2017;373.1146
4/JULY/2017;364.29166
5/JULY/2017;355
6/JULY/2017;345.04166
7/JULY/2017;337.08334
8/JULY/2017;326.84375
9/JULY/2017;309.97916
10/JULY/2017;295.14584
11/JULY/2017;289.89584
12/JULY/2017;287.9659
13/JULY/2017;294.83334
14/JULY/2017;289.94565
15/JULY/2017;284.0104
16/JULY/2017;275.3646
17/JULY/2017;266.8646
18/JULY/2017;263.34375
19/JULY/2017;261.4271
20/JULY/2017;260.04166
21/JULY/2017;None
22/JULY/2017;None
23/JULY/2017;None
24/JULY/2017;None
25/JULY/2017;None
26/JULY/2017;None
27/JULY/2017;None
28/JULY/2017;None
29/JULY/2017;None
30/JULY/2017;None
31/JULY/2017;None
1/AUGUST/2017;None
2/AUGUST/2017;None
3/AUGUST/2017;None
4/AUGUST/2017;None
5/AUGUST/2017;None
6/AUGUST/2017;None
7/AUGUST/2017;None
8/AUGUST/2017;None
9/AUGUST/2017;218.6129
10/AUGUST/2017;216.0521
11/AUGUST/2017;212.48958
12/AUGUST/2017;204.7033
13/AUGUST/2017;193.125
14/AUGUST/2017;182.90625
15/AUGUST/2017;190.60417
16/AUGUST/2017;199.57292
17/AUGUST/2017;206.5625
18/AUGUST/2017;205.53125
19/AUGUST/2017;203.47917
20/AUGUST/2017;201.02083
21/AUGUST/2017;198.09375
22/AUGUST/2017;202.1579
23/AUGUST/2017;205.58427
24/AUGUST/2017;202.26042
25/AUGUST/2017;202.41667
26/AUGUST/2017;205.38597
27/AUGUST/2017;None
28/AUGUST/2017;None
29/AUGUST/2017;None
30/AUGUST/2017;None
31/AUGUST/2017;None
1/SEPTEMBER/2017;None
2/SEPTEMBER/2017;None
3/SEPTEMBER/2017;None
4/SEPTEMBER/2017;None
5/SEPTEMBER/2017;None
6/SEPTEMBER/2017;None
7/SEPTEMBER/2017;None
8/SEPTEMBER/2017;None
9/SEPTEMBER/2017;None
10/SEPTEMBER/2017;None
11/SEPTEMBER/2017;None
12/SEPTEMBER/2017;None
13/SEPTEMBER/2017;None
14/SEPTEMBER/2017;None
15/SEPTEMBER/2017;None
16/SEPTEMBER/2017;None
17/SEPTEMBER/2017;None
18/SEPTEMBER/2017;None
19/SEPTEMBER/2017;None
20/SEPTEMBER/2017;None
21/SEPTEMBER/2017;None
22/SEPTEMBER/2017;None
23/SEPTEMBER/2017;None
24/SEPTEMBER/2017;None
25/SEPTEMBER/2017;None
26/SEPTEMBER/2017;None
27/SEPTEMBER/2017;None
28/SEPTEMBER/2017;None
29/SEPTEMBER/2017;None
30/SEPTEMBER/2017;None
31/SEPTEMBER/2017;None
1/OCTOBER/2017;None
2/OCTOBER/2017;None
3/OCTOBER/2017;None
4/OCTOBER/2017;None
5/OCTOBER/2017;None
6/OCTOBER/2017;None
7/OCTOBER/2017;None
8/OCTOBER/2017;None
9/OCTOBER/2017;None
10/OCTOBER/2017;None
11/OCTOBER/2017;None
12/OCTOBER/2017;None
13/OCTOBER/2017;None
14/OCTOBER/2017;None
15/OCTOBER/2017;None
16/OCTOBER/2017;202.31708
17/OCTOBER/2017;202
18/OCTOBER/2017;200.85417
19/OCTOBER/2017;199.66667
20/OCTOBER/2017;198
21/OCTOBER/2017;197.375
22/OCTOBER/2017;196.1875
23/OCTOBER/2017;195.27083
24/OCTOBER/2017;198.64583
25/OCTOBER/2017;200.51042
26/OCTOBER/2017;199.17708
27/OCTOBER/2017;198.19792
28/OCTOBER/2017;197.71875
29/OCTOBER/2017;196.85417
30/OCTOBER/2017;194.93478
31/OCTOBER/2017;202.11458
1/NOVEMBER/2017;205.30208
2/NOVEMBER/2017;205.22917
3/NOVEMBER/2017;205.01042
4/NOVEMBER/2017;204.83333
5/NOVEMBER/2017;205.13542
6/NOVEMBER/2017;210.03123
7/NOVEMBER/2017;209.92706
8/NOVEMBER/2017;209.86456
9/NOVEMBER/2017;210.3854
10/NOVEMBER/2017;211.48419
11/NOVEMBER/2017;212.40625
12/NOVEMBER/2017;213.25002
13/NOVEMBER/2017;213.03127
14/NOVEMBER/2017;213.38544
15/NOVEMBER/2017;214.1146
16/NOVEMBER/2017;214.40627
17/NOVEMBER/2017;214.01044
18/NOVEMBER/2017;214.43752
19/NOVEMBER/2017;220.66667
20/NOVEMBER/2017;222.26042
21/NOVEMBER/2017;226.23958
22/NOVEMBER/2017;230.67708
23/NOVEMBER/2017;234.87498
24/NOVEMBER/2017;238.84377
25/NOVEMBER/2017;242.14584
26/NOVEMBER/2017;244.59375
27/NOVEMBER/2017;246.71875
28/NOVEMBER/2017;247.90625
29/NOVEMBER/2017;249.30208
30/NOVEMBER/2017;250.66667
31/NOVEMBER/2017;None
1/DECEMBER/2017;255.55208
2/DECEMBER/2017;259.1354
3/DECEMBER/2017;257.6771
4/DECEMBER/2017;257.59375
5/DECEMBER/2017;258.375
6/DECEMBER/2017;259.625
7/DECEMBER/2017;262.125
8/DECEMBER/2017;263.96875
9/DECEMBER/2017;265.4896
10/DECEMBER/2017;267.22916
11/DECEMBER/2017;270.0521
12/DECEMBER/2017;270.6771
13/DECEMBER/2017;272.29166
14/DECEMBER/2017;282.6875
15/DECEMBER/2017;292.52084
16/DECEMBER/2017;307.1146
17/DECEMBER/2017;324.28125
18/DECEMBER/2017;338.4896
19/DECEMBER/2017;350.04166
20/DECEMBER/2017;361.78125
21/DECEMBER/2017;372.03125
22/DECEMBER/2017;381.1354
23/DECEMBER/2017;387.77084
24/DECEMBER/2017;392.47916
25/DECEMBER/2017;396.2604
26/DECEMBER/2017;396.9479
27/DECEMBER/2017;396.70834
28/DECEMBER/2017;394.6771
29/DECEMBER/2017;391.4896
30/DECEMBER/2017;387.1146
31/DECEMBER/2017;383.02084
1/JANUARY/2018;382
2/JANUARY/2018;382.28125
3/JANUARY/2018;384.4896
4/JANUARY/2018;389.5
5/JANUARY/2018;396.1146
6/JANUARY/2018;406.20834
7/JANUARY/2018;416.0208
8/JANUARY/2018;427.88544
9/JANUARY/2018;442.2083
10/JANUARY/2018;448.2727
11/JANUARY/2018;460.9434
12/JANUARY/2018;465.2396
13/JANUARY/2018;471.5
14/JANUARY/2018;482.8021
15/JANUARY/2018;492.5208
16/JANUARY/2018;500.6771
17/JANUARY/2018;505.34375
18/JANUARY/2018;506.9896
19/JANUARY/2018;504.44794
20/JANUARY/2018;497.1979
21/JANUARY/2018;485.01044
22/JANUARY/2018;473.0729
23/JANUARY/2018;463.0104
24/JANUARY/2018;454.15628
25/JANUARY/2018;445.3958
26/JANUARY/2018;439.5625
27/JANUARY/2018;433.9375
28/JANUARY/2018;427.78128
29/JANUARY/2018;427.37503
30/JANUARY/2018;431.875
31/JANUARY/2018;435.2396
1/FEBRUARY/2018;437.45834
2/FEBRUARY/2018;442.17706
3/FEBRUARY/2018;452.54166
4/FEBRUARY/2018;478.3854
5/FEBRUARY/2018;513.82294
6/FEBRUARY/2018;535.44446
7/FEBRUARY/2018;None
8/FEBRUARY/2018;None
9/FEBRUARY/2018;None
10/FEBRUARY/2018;None
11/FEBRUARY/2018;None
12/FEBRUARY/2018;None
13/FEBRUARY/2018;None
14/FEBRUARY/2018;None
15/FEBRUARY/2018;None
16/FEBRUARY/2018;None
17/FEBRUARY/2018;None
18/FEBRUARY/2018;None
19/FEBRUARY/2018;None
20/FEBRUARY/2018;None
21/FEBRUARY/2018;None
22/FEBRUARY/2018;None
23/FEBRUARY/2018;None
24/FEBRUARY/2018;None
25/FEBRUARY/2018;None
26/FEBRUARY/2018;None
27/FEBRUARY/2018;None
28/FEBRUARY/2018;None
29/FEBRUARY/2018;None
30/FEBRUARY/2018;None
31/FEBRUARY/2018;None
1/MARCH/2018;None
2/MARCH/2018;None
3/MARCH/2018;None
4/MARCH/2018;None
5/MARCH/2018;None
6/MARCH/2018;None
7/MARCH/2018;None
8/MARCH/2018;None
9/MARCH/2018;None
10/MARCH/2018;None
11/MARCH/2018;None
12/MARCH/2018;None
13/MARCH/2018;None
14/MARCH/2018;None
15/MARCH/2018;None
16/MARCH/2018;None
17/MARCH/2018;None
18/MARCH/2018;None
19/MARCH/2018;None
20/MARCH/2018;None
21/MARCH/2018;None
22/MARCH/2018;None
23/MARCH/2018;None
24/MARCH/2018;None
25/MARCH/2018;None
26/MARCH/2018;None
27/MARCH/2018;None
28/MARCH/2018;None
29/MARCH/2018;None
30/MARCH/2018;None
31/MARCH/2018;None
1/APRIL/2018;None
2/APRIL/2018;None
3/APRIL/2018;None
4/APRIL/2018;None
5/APRIL/2018;None
6/APRIL/2018;None
7/APRIL/2018;None
8/APRIL/2018;None
9/APRIL/2018;None
10/APRIL/2018;None
11/APRIL/2018;None
12/APRIL/2018;None
13/APRIL/2018;None
14/APRIL/2018;None
15/APRIL/2018;None
16/APRIL/2018;None
17/APRIL/2018;None
18/APRIL/2018;None
19/APRIL/2018;None
20/APRIL/2018;None
21/APRIL/2018;None
22/APRIL/2018;None
23/APRIL/2018;None
24/APRIL/2018;None
25/APRIL/2018;None
26/APRIL/2018;None
27/APRIL/2018;None
28/APRIL/2018;None
29/APRIL/2018;None
30/APRIL/2018;None
31/APRIL/2018;None
1/MAY/2018;None
2/MAY/2018;None
3/MAY/2018;None
4/MAY/2018;None
5/MAY/2018;None
6/MAY/2018;None
7/MAY/2018;None
8/MAY/2018;None
9/MAY/2018;None
10/MAY/2018;None
11/MAY/2018;None
12/MAY/2018;None
13/MAY/2018;None
14/MAY/2018;None
15/MAY/2018;None
16/MAY/2018;None
17/MAY/2018;None
18/MAY/2018;None
19/MAY/2018;None
20/MAY/2018;None
21/MAY/2018;None
22/MAY/2018;None
23/MAY/2018;None
24/MAY/2018;None
25/MAY/2018;None
26/MAY/2018;None
27/MAY/2018;None
28/MAY/2018;None
29/MAY/2018;None
30/MAY/2018;None
31/MAY/2018;None
1/JUNE/2018;None
2/JUNE/2018;None
3/JUNE/2018;None
4/JUNE/2018;None
5/JUNE/2018;None
6/JUNE/2018;None
7/JUNE/2018;None
8/JUNE/2018;None
9/JUNE/2018;None
10/JUNE/2018;None
11/JUNE/2018;None
12/JUNE/2018;None
13/JUNE/2018;None
14/JUNE/2018;None
15/JUNE/2018;313.459
16/JUNE/2018;378.85416
17/JUNE/2018;395.40625
18/JUNE/2018;406.71875
19/JUNE/2018;457.875
20/JUNE/2018;476.85715
21/JUNE/2018;481.0417
22/JUNE/2018;482.32294
23/JUNE/2018;480.32294
24/JUNE/2018;477.51044
25/JUNE/2018;476.89584
26/JUNE/2018;476.02084
27/JUNE/2018;470.0833
28/JUNE/2018;467.5729
29/JUNE/2018;466.8021
30/JUNE/2018;464.96387
31/JUNE/2018;None
1/JULY/2018;None
2/JULY/2018;461.27274
3/JULY/2018;461.2604
4/JULY/2018;460.09375
5/JULY/2018;458.79166
6/JULY/2018;457.64584
7/JULY/2018;453.70834
8/JULY/2018;448.0208
9/JULY/2018;443.8333
10/JULY/2018;442.40625
11/JULY/2018;443.68747
12/JULY/2018;444.84375
13/JULY/2018;445.34372
14/JULY/2018;444.69788
15/JULY/2018;442.93747
16/JULY/2018;444.28122
17/JULY/2018;445.11456
18/JULY/2018;444.3125
19/JULY/2018;442.93747
20/JULY/2018;441
21/JULY/2018;438.125
22/JULY/2018;434.625
23/JULY/2018;433.7396
24/JULY/2018;431.56253
25/JULY/2018;427.57294
26/JULY/2018;421.62497
27/JULY/2018;417.36456
28/JULY/2018;411.9375
29/JULY/2018;405.25
30/JULY/2018;399.58334
31/JULY/2018;393.8125
1/AUGUST/2018;388.3854
2/AUGUST/2018;383.54166
3/AUGUST/2018;378.54166
4/AUGUST/2018;372.0521
5/AUGUST/2018;367.625
6/AUGUST/2018;368.41666
7/AUGUST/2018;366.40625
8/AUGUST/2018;357.5
9/AUGUST/2018;350.71875
10/AUGUST/2018;346.0104
11/AUGUST/2018;341
12/AUGUST/2018;334.4896
13/AUGUST/2018;329.27084
14/AUGUST/2018;308.8125
15/AUGUST/2018;303.7396
16/AUGUST/2018;301.46875
17/AUGUST/2018;296.75
18/AUGUST/2018;289.34375
19/AUGUST/2018;279.03125
20/AUGUST/2018;276.14584
21/AUGUST/2018;270.85416
22/AUGUST/2018;267.79166
23/AUGUST/2018;259.02084
24/AUGUST/2018;237.96875
25/AUGUST/2018;229.9375
26/AUGUST/2018;223.61458
27/AUGUST/2018;224.95833
28/AUGUST/2018;229.44792
29/AUGUST/2018;227.79167
30/AUGUST/2018;218.375
31/AUGUST/2018;218.5521
1/SEPTEMBER/2018;226.97917
2/SEPTEMBER/2018;233.65623
3/SEPTEMBER/2018;236.11458
4/SEPTEMBER/2018;236.35416
5/SEPTEMBER/2018;235.49998
6/SEPTEMBER/2018;235.61456
7/SEPTEMBER/2018;235.5729
8/SEPTEMBER/2018;236.12498
9/SEPTEMBER/2018;235.89581
10/SEPTEMBER/2018;235.55206
11/SEPTEMBER/2018;235.58331
12/SEPTEMBER/2018;235.7604
13/SEPTEMBER/2018;235.64581
14/SEPTEMBER/2018;235.87498
15/SEPTEMBER/2018;236.28123
16/SEPTEMBER/2018;235.40623
17/SEPTEMBER/2018;235.3854
18/SEPTEMBER/2018;234.96873
19/SEPTEMBER/2018;234.67706
20/SEPTEMBER/2018;234.47916
21/SEPTEMBER/2018;234.53123
22/SEPTEMBER/2018;234.48956
23/SEPTEMBER/2018;234.34373
24/SEPTEMBER/2018;234.21873
25/SEPTEMBER/2018;234.2604
26/SEPTEMBER/2018;234.16666
27/SEPTEMBER/2018;234.1354
28/SEPTEMBER/2018;234.1354
29/SEPTEMBER/2018;234.31248
30/SEPTEMBER/2018;234.90623
31/SEPTEMBER/2018;None
1/OCTOBER/2018;234.97916
2/OCTOBER/2018;234.18748
3/OCTOBER/2018;234.31248
4/OCTOBER/2018;234.0729
5/OCTOBER/2018;234.0729
6/OCTOBER/2018;234.0729
7/OCTOBER/2018;234.05206
8/OCTOBER/2018;234.09373
9/OCTOBER/2018;233.375
10/OCTOBER/2018;233.45833
11/OCTOBER/2018;233.45833
12/OCTOBER/2018;233.4479
13/OCTOBER/2018;237.625
14/OCTOBER/2018;236.05206
15/OCTOBER/2018;234.58331
16/OCTOBER/2018;234.0104
17/OCTOBER/2018;234.1354
18/OCTOBER/2018;233.53125
19/OCTOBER/2018;233.45833
20/OCTOBER/2018;234.35416
21/OCTOBER/2018;234.02081
22/OCTOBER/2018;233.34375
23/OCTOBER/2018;233.40625
24/OCTOBER/2018;233.23958
25/OCTOBER/2018;233.34375
26/OCTOBER/2018;232.63542
27/OCTOBER/2018;232.64583
28/OCTOBER/2018;233.71875
29/OCTOBER/2018;233.96873
30/OCTOBER/2018;235.1354
31/OCTOBER/2018;237.25
1/NOVEMBER/2018;237.13542
2/NOVEMBER/2018;236.59373
3/NOVEMBER/2018;235.53123
4/NOVEMBER/2018;235.90216
5/NOVEMBER/2018;236.5625
6/NOVEMBER/2018;236.375
7/NOVEMBER/2018;236.82292
8/NOVEMBER/2018;237.47917
9/NOVEMBER/2018;238.81252
10/NOVEMBER/2018;238.11458
11/NOVEMBER/2018;238.22917
12/NOVEMBER/2018;238.8646
13/NOVEMBER/2018;240.09377
14/NOVEMBER/2018;242.10417
15/NOVEMBER/2018;242.5
16/NOVEMBER/2018;244.57292
17/NOVEMBER/2018;244.21875
18/NOVEMBER/2018;245.26042
19/NOVEMBER/2018;246.02083
20/NOVEMBER/2018;246.64583
21/NOVEMBER/2018;246.65625
22/NOVEMBER/2018;248.36458
23/NOVEMBER/2018;250.47917
24/NOVEMBER/2018;252.6875
25/NOVEMBER/2018;252.83333
26/NOVEMBER/2018;253.5625
27/NOVEMBER/2018;255.85417
28/NOVEMBER/2018;255.17708
29/NOVEMBER/2018;255.76042
30/NOVEMBER/2018;255.39583
31/NOVEMBER/2018;None
1/DECEMBER/2018;256.5625
2/DECEMBER/2018;258.125
3/DECEMBER/2018;264.6875
4/DECEMBER/2018;274.5
5/DECEMBER/2018;280.6979
6/DECEMBER/2018;284.54166
7/DECEMBER/2018;290.5729
8/DECEMBER/2018;298.6146
9/DECEMBER/2018;305.5521
10/DECEMBER/2018;314.8229
11/DECEMBER/2018;322.25
12/DECEMBER/2018;325.72916
13/DECEMBER/2018;330.3021
14/DECEMBER/2018;332.41666
15/DECEMBER/2018;331.6354
16/DECEMBER/2018;326.5729
17/DECEMBER/2018;322.8854
18/DECEMBER/2018;321.33334
19/DECEMBER/2018;319.6875
20/DECEMBER/2018;316.39584
21/DECEMBER/2018;311.83334
22/DECEMBER/2018;309.6146
23/DECEMBER/2018;308.6979
24/DECEMBER/2018;309.625
25/DECEMBER/2018;308.84375
26/DECEMBER/2018;305.4271
27/DECEMBER/2018;305.6354
28/DECEMBER/2018;308.83334
29/DECEMBER/2018;311.72916
30/DECEMBER/2018;313.625
31/DECEMBER/2018;314.5104
1/JANUARY/2019;318.65625
2/JANUARY/2019;322.1875
3/JANUARY/2019;324.59375
4/JANUARY/2019;324.10416
5/JANUARY/2019;322.3125
6/JANUARY/2019;320
7/JANUARY/2019;321.875
8/JANUARY/2019;326.83334
9/JANUARY/2019;332.10416
10/JANUARY/2019;333.0729
11/JANUARY/2019;333.20834
12/JANUARY/2019;334.4479
13/JANUARY/2019;333.0625
14/JANUARY/2019;333.875
15/JANUARY/2019;341.5521
16/JANUARY/2019;348.35416
17/JANUARY/2019;352.125
18/JANUARY/2019;349.95834
19/JANUARY/2019;345.3021
20/JANUARY/2019;333.8646
21/JANUARY/2019;330.8646
22/JANUARY/2019;331.1146
23/JANUARY/2019;331.39584
24/JANUARY/2019;329.625
25/JANUARY/2019;328.4479
26/JANUARY/2019;327.9479
27/JANUARY/2019;328.64584
28/JANUARY/2019;333.29166
29/JANUARY/2019;344.28125
30/JANUARY/2019;352.27084
31/JANUARY/2019;357.8646
1/FEBRUARY/2019;361
2/FEBRUARY/2019;360.5625
3/FEBRUARY/2019;360.29166
4/FEBRUARY/2019;358.09375
5/FEBRUARY/2019;357.71875
6/FEBRUARY/2019;354.22916
7/FEBRUARY/2019;349.22916
8/FEBRUARY/2019;348.9271
9/FEBRUARY/2019;343.52084
10/FEBRUARY/2019;338.35416
11/FEBRUARY/2019;335.1979
12/FEBRUARY/2019;336.3125
13/FEBRUARY/2019;332.97916
14/FEBRUARY/2019;327.3021
15/FEBRUARY/2019;322.52084
16/FEBRUARY/2019;318.7802
17/FEBRUARY/2019;314.3125
18/FEBRUARY/2019;315.46875
19/FEBRUARY/2019;322.375
20/FEBRUARY/2019;335.1771
21/FEBRUARY/2019;349.90625
22/FEBRUARY/2019;362.03125
23/FEBRUARY/2019;372.9896
24/FEBRUARY/2019;377.16666
25/FEBRUARY/2019;377.46875
26/FEBRUARY/2019;379.53125
27/FEBRUARY/2019;380.91666
28/FEBRUARY/2019;379.28125
29/FEBRUARY/2019;None
30/FEBRUARY/2019;None
31/FEBRUARY/2019;None
1/MARCH/2019;381.46875
2/MARCH/2019;382.25
3/MARCH/2019;383.21875
4/MARCH/2019;388.16666
5/MARCH/2019;410.1875
6/MARCH/2019;432.88544
7/MARCH/2019;446.79166
8/MARCH/2019;455.4792
9/MARCH/2019;459.9375
10/MARCH/2019;464.10416
11/MARCH/2019;470.35416
12/MARCH/2019;477.9167
13/MARCH/2019;487.10416
14/MARCH/2019;497.10416
15/MARCH/2019;505.53125
16/MARCH/2019;514.1042
17/MARCH/2019;524.90625
18/MARCH/2019;531.4127
19/MARCH/2019;None
20/MARCH/2019;None
21/MARCH/2019;None
22/MARCH/2019;None
23/MARCH/2019;None
24/MARCH/2019;None
25/MARCH/2019;None
26/MARCH/2019;None
27/MARCH/2019;None
28/MARCH/2019;None
29/MARCH/2019;None
30/MARCH/2019;None
31/MARCH/2019;None
1/APRIL/2019;None
2/APRIL/2019;None
3/APRIL/2019;None
4/APRIL/2019;None
5/APRIL/2019;None
6/APRIL/2019;None
7/APRIL/2019;None
8/APRIL/2019;None
9/APRIL/2019;None
10/APRIL/2019;None
11/APRIL/2019;None
12/APRIL/2019;None
13/APRIL/2019;None
14/APRIL/2019;None
15/APRIL/2019;None
16/APRIL/2019;None
17/APRIL/2019;None
18/APRIL/2019;None
19/APRIL/2019;None
20/APRIL/2019;None
21/APRIL/2019;None
22/APRIL/2019;None
23/APRIL/2019;None
24/APRIL/2019;None
25/APRIL/2019;None
26/APRIL/2019;None
27/APRIL/2019;None
28/APRIL/2019;None
29/APRIL/2019;None
30/APRIL/2019;None
31/APRIL/2019;None
1/MAY/2019;None
2/MAY/2019;None
3/MAY/2019;None
4/MAY/2019;None
5/MAY/2019;None
6/MAY/2019;None
7/MAY/2019;None
8/MAY/2019;None
9/MAY/2019;636.25
10/MAY/2019;628.23956
11/MAY/2019;616.75
12/MAY/2019;606
13/MAY/2019;593.9375
14/MAY/2019;581.9792
15/MAY/2019;570.6875
16/MAY/2019;567.0833
17/MAY/2019;559.2083
18/MAY/2019;551.3125
19/MAY/2019;542.59375
20/MAY/2019;534.7708
21/MAY/2019;527.88544
22/MAY/2019;521.5208
23/MAY/2019;519.6458
24/MAY/2019;518.2083
25/MAY/2019;516.55206
26/MAY/2019;515.17706
27/MAY/2019;512.8333
28/MAY/2019;508.89584
29/MAY/2019;496.0729
30/MAY/2019;480.5
31/MAY/2019;466.3333
1/JUNE/2019;437.375
2/JUNE/2019;427.3542
3/JUNE/2019;424.34375
4/JUNE/2019;410.65625
5/JUNE/2019;404.63544
6/JUNE/2019;409.89584
7/JUNE/2019;415.44794
8/JUNE/2019;442.25
9/JUNE/2019;480.7292
10/JUNE/2019;486.82144
11/JUNE/2019;None
12/JUNE/2019;447.64102
13/JUNE/2019;446.99997
14/JUNE/2019;445.54166
15/JUNE/2019;444.36456
16/JUNE/2019;454.0521
17/JUNE/2019;459.02084
18/JUNE/2019;460.54166
19/JUNE/2019;459.8646
20/JUNE/2019;455.0417
21/JUNE/2019;451.4896
22/JUNE/2019;449.73956
23/JUNE/2019;445.4583
24/JUNE/2019;441.3229
25/JUNE/2019;439.89584
26/JUNE/2019;437.52084
27/JUNE/2019;434.96875
28/JUNE/2019;433.09375
29/JUNE/2019;428.4896
30/JUNE/2019;421.96872
31/JUNE/2019;None
1/JULY/2019;416.1771
2/JULY/2019;412.3021
3/JULY/2019;409.8646
4/JULY/2019;406.01044
5/JULY/2019;398.25
6/JULY/2019;389.34375
7/JULY/2019;381.125
8/JULY/2019;368.91666
9/JULY/2019;359.83334
10/JULY/2019;351.15625
11/JULY/2019;344.1354
12/JULY/2019;334.9479
13/JULY/2019;322.625
14/JULY/2019;304.7604
15/JULY/2019;290.21875
16/JULY/2019;288.0729
17/JULY/2019;291.1771
18/JULY/2019;285.6875
19/JULY/2019;276.78125
20/JULY/2019;267.35416
21/JULY/2019;256.03125
22/JULY/2019;258.75
23/JULY/2019;262.3125
24/JULY/2019;265.0521
25/JULY/2019;268.10416
26/JULY/2019;273.1771
27/JULY/2019;275.6146
28/JULY/2019;269.1979
29/JULY/2019;256.5
30/JULY/2019;253.89583
31/JULY/2019;253.04167
1/AUGUST/2019;254.10464
2/AUGUST/2019;255.04256
3/AUGUST/2019;249.59184
4/AUGUST/2019;240.43398
5/AUGUST/2019;237.5
6/AUGUST/2019;236.60869
7/AUGUST/2019;231.34328
8/AUGUST/2019;232.70833
9/AUGUST/2019;235.55206
10/AUGUST/2019;230.85416
11/AUGUST/2019;217.76042
12/AUGUST/2019;218.26042
13/AUGUST/2019;221.72917
14/AUGUST/2019;217.26042
15/AUGUST/2019;217.03125
16/AUGUST/2019;216.72917
17/AUGUST/2019;213.78127
18/AUGUST/2019;208.91666
19/AUGUST/2019;216.1146
20/AUGUST/2019;222.45833
21/AUGUST/2019;223.89583
22/AUGUST/2019;222.9375
23/AUGUST/2019;222.45833
24/AUGUST/2019;224
25/AUGUST/2019;225.57292
26/AUGUST/2019;224.10417
27/AUGUST/2019;227.17708
28/AUGUST/2019;230.64583
29/AUGUST/2019;230.88542
30/AUGUST/2019;230.35417
31/AUGUST/2019;233.3229
1/SEPTEMBER/2019;234.33331
2/SEPTEMBER/2019;234.28123
3/SEPTEMBER/2019;234.53123
4/SEPTEMBER/2019;233.9479
5/SEPTEMBER/2019;234.43748
6/SEPTEMBER/2019;233.30208
7/SEPTEMBER/2019;233.46875
8/SEPTEMBER/2019;232.15625
9/SEPTEMBER/2019;232.4375
10/SEPTEMBER/2019;232.46875
11/SEPTEMBER/2019;232.42708
12/SEPTEMBER/2019;232.29167
13/SEPTEMBER/2019;232.01042
14/SEPTEMBER/2019;231.77083
15/SEPTEMBER/2019;231.45833
16/SEPTEMBER/2019;231.3125
17/SEPTEMBER/2019;231.0625
18/SEPTEMBER/2019;231.03125
19/SEPTEMBER/2019;230.60417
20/SEPTEMBER/2019;230.40625
21/SEPTEMBER/2019;230.39583
22/SEPTEMBER/2019;230.16667
23/SEPTEMBER/2019;229.98958
24/SEPTEMBER/2019;229.16667
25/SEPTEMBER/2019;228.28125
26/SEPTEMBER/2019;226.82292
27/SEPTEMBER/2019;225.92708
28/SEPTEMBER/2019;224.76042
29/SEPTEMBER/2019;223.29167
30/SEPTEMBER/2019;227.72917
31/SEPTEMBER/2019;None
1/OCTOBER/2019;231.125
2/OCTOBER/2019;233.3229
3/OCTOBER/2019;234.29166
4/OCTOBER/2019;233.43748
5/OCTOBER/2019;233.91666
6/OCTOBER/2019;235.48958
7/OCTOBER/2019;235.5729
8/OCTOBER/2019;234.73956
9/OCTOBER/2019;236.46875
10/OCTOBER/2019;236.39583
11/OCTOBER/2019;233.27083
12/OCTOBER/2019;233.20833
13/OCTOBER/2019;232.41667
14/OCTOBER/2019;231.9375
15/OCTOBER/2019;232.52083
16/OCTOBER/2019;231.28125
17/OCTOBER/2019;231.19792
18/OCTOBER/2019;231.8125
19/OCTOBER/2019;230.96875
20/OCTOBER/2019;224.07292
21/OCTOBER/2019;217.41667
22/OCTOBER/2019;216.1146
23/OCTOBER/2019;218.13542
24/OCTOBER/2019;221.04167
25/OCTOBER/2019;223.47917
26/OCTOBER/2019;226.28125
27/OCTOBER/2019;227.75
28/OCTOBER/2019;228.58333
29/OCTOBER/2019;229.01042
30/OCTOBER/2019;225.30208
31/OCTOBER/2019;222.35417
1/NOVEMBER/2019;219.125
2/NOVEMBER/2019;216.3646
3/NOVEMBER/2019;214.14131
4/NOVEMBER/2019;212.95834
5/NOVEMBER/2019;210.3229
6/NOVEMBER/2019;209.35416
7/NOVEMBER/2019;210.11456
8/NOVEMBER/2019;209.08333
9/NOVEMBER/2019;208.99998
10/NOVEMBER/2019;209.03123
11/NOVEMBER/2019;207.75
12/NOVEMBER/2019;207.59375
13/NOVEMBER/2019;207.42708
14/NOVEMBER/2019;206.4375
15/NOVEMBER/2019;204.52083
16/NOVEMBER/2019;203.44792
17/NOVEMBER/2019;204.57292
18/NOVEMBER/2019;209.05208
19/NOVEMBER/2019;210.46873
20/NOVEMBER/2019;210.61456
21/NOVEMBER/2019;211.90623
22/NOVEMBER/2019;213.59377
23/NOVEMBER/2019;213.93752
24/NOVEMBER/2019;214.72919
25/NOVEMBER/2019;213.57292
26/NOVEMBER/2019;212.73404
27/NOVEMBER/2019;214.91669
28/NOVEMBER/2019;217.47728
29/NOVEMBER/2019;218.89583
30/NOVEMBER/2019;219.58333
31/NOVEMBER/2019;None
1/DECEMBER/2019;220.20833
2/DECEMBER/2019;221.04167
3/DECEMBER/2019;221.75
4/DECEMBER/2019;228.66667
5/DECEMBER/2019;233.03125
6/DECEMBER/2019;233.1979
7/DECEMBER/2019;233.5729
8/DECEMBER/2019;232.42708
9/DECEMBER/2019;234.59373
10/DECEMBER/2019;234.10416
11/DECEMBER/2019;235.1354
12/DECEMBER/2019;235.27081
13/DECEMBER/2019;236.11456
14/DECEMBER/2019;235.39581
15/DECEMBER/2019;232.625
16/DECEMBER/2019;222.11458
17/DECEMBER/2019;211.35713
18/DECEMBER/2019;None
19/DECEMBER/2019;None
20/DECEMBER/2019;None
21/DECEMBER/2019;None
22/DECEMBER/2019;None
23/DECEMBER/2019;None
24/DECEMBER/2019;None
25/DECEMBER/2019;None
26/DECEMBER/2019;None
27/DECEMBER/2019;None
28/DECEMBER/2019;None
29/DECEMBER/2019;None
30/DECEMBER/2019;None
31/DECEMBER/2019;None
1/JANUARY/2020;None
2/JANUARY/2020;None
3/JANUARY/2020;None
4/JANUARY/2020;None
5/JANUARY/2020;None
6/JANUARY/2020;None
7/JANUARY/2020;None
8/JANUARY/2020;None
9/JANUARY/2020;None
10/JANUARY/2020;None
11/JANUARY/2020;None
12/JANUARY/2020;None
13/JANUARY/2020;None
14/JANUARY/2020;None
15/JANUARY/2020;None
16/JANUARY/2020;None
17/JANUARY/2020;None
18/JANUARY/2020;None
19/JANUARY/2020;None
20/JANUARY/2020;None
21/JANUARY/2020;None
22/JANUARY/2020;None
23/JANUARY/2020;None
24/JANUARY/2020;None
25/JANUARY/2020;None
26/JANUARY/2020;None
27/JANUARY/2020;None
28/JANUARY/2020;None
29/JANUARY/2020;None
30/JANUARY/2020;328.26086
31/JANUARY/2020;342.0729
1/FEBRUARY/2020;360.0104
2/FEBRUARY/2020;371.6146
3/FEBRUARY/2020;384.08334
4/FEBRUARY/2020;402.27084
5/FEBRUARY/2020;420.46875
6/FEBRUARY/2020;442.20834
7/FEBRUARY/2020;463.41666
8/FEBRUARY/2020;485.90625
9/FEBRUARY/2020;508.14584
10/FEBRUARY/2020;524.92706
11/FEBRUARY/2020;537.94794
12/FEBRUARY/2020;551.46875
13/FEBRUARY/2020;565.26044
14/FEBRUARY/2020;None
15/FEBRUARY/2020;None
16/FEBRUARY/2020;None
17/FEBRUARY/2020;None
18/FEBRUARY/2020;None
19/FEBRUARY/2020;None
20/FEBRUARY/2020;None
21/FEBRUARY/2020;None
22/FEBRUARY/2020;None
23/FEBRUARY/2020;None
24/FEBRUARY/2020;None
25/FEBRUARY/2020;None
26/FEBRUARY/2020;None
27/FEBRUARY/2020;None
28/FEBRUARY/2020;None
29/FEBRUARY/2020;None
30/FEBRUARY/2020;None
31/FEBRUARY/2020;None
1/MARCH/2020;None
2/MARCH/2020;None
3/MARCH/2020;None
4/MARCH/2020;None
5/MARCH/2020;None
6/MARCH/2020;None
7/MARCH/2020;None
8/MARCH/2020;None
9/MARCH/2020;None
10/MARCH/2020;None
11/MARCH/2020;None
12/MARCH/2020;None
13/MARCH/2020;None
14/MARCH/2020;None
15/MARCH/2020;None
16/MARCH/2020;None
17/MARCH/2020;None
18/MARCH/2020;None
19/MARCH/2020;None
20/MARCH/2020;None
21/MARCH/2020;None
22/MARCH/2020;None
23/MARCH/2020;None
24/MARCH/2020;None
25/MARCH/2020;None
26/MARCH/2020;None
27/MARCH/2020;None
28/MARCH/2020;None
29/MARCH/2020;None
30/MARCH/2020;None
31/MARCH/2020;None
1/APRIL/2020;None
2/APRIL/2020;None
3/APRIL/2020;None
4/APRIL/2020;None
5/APRIL/2020;None
6/APRIL/2020;None
7/APRIL/2020;None
8/APRIL/2020;None
9/APRIL/2020;None
10/APRIL/2020;None
11/APRIL/2020;None
12/APRIL/2020;None
13/APRIL/2020;None
14/APRIL/2020;None
15/APRIL/2020;None
16/APRIL/2020;None
17/APRIL/2020;None
18/APRIL/2020;None
19/APRIL/2020;None
20/APRIL/2020;None
21/APRIL/2020;None
22/APRIL/2020;None
23/APRIL/2020;None
24/APRIL/2020;None
25/APRIL/2020;None
26/APRIL/2020;None
27/APRIL/2020;None
28/APRIL/2020;None
29/APRIL/2020;None
30/APRIL/2020;None
31/APRIL/2020;None
1/MAY/2020;None
2/MAY/2020;None
3/MAY/2020;None
4/MAY/2020;None
5/MAY/2020;None
6/MAY/2020;None
7/MAY/2020;None
8/MAY/2020;None
9/MAY/2020;None
10/MAY/2020;None
11/MAY/2020;None
12/MAY/2020;None
13/MAY/2020;None
14/MAY/2020;None
15/MAY/2020;None
16/MAY/2020;None
17/MAY/2020;None
18/MAY/2020;None
19/MAY/2020;None
20/MAY/2020;None
21/MAY/2020;None
22/MAY/2020;None
23/MAY/2020;None
24/MAY/2020;None
25/MAY/2020;None
26/MAY/2020;None
27/MAY/2020;None
28/MAY/2020;None
29/MAY/2020;None
30/MAY/2020;None
31/MAY/2020;None
1/JUNE/2020;None
2/JUNE/2020;None
3/JUNE/2020;None
4/JUNE/2020;None
5/JUNE/2020;None
6/JUNE/2020;None
7/JUNE/2020;None
8/JUNE/2020;None
9/JUNE/2020;None
10/JUNE/2020;None
11/JUNE/2020;None
12/JUNE/2020;None
13/JUNE/2020;None
14/JUNE/2020;None
15/JUNE/2020;335.94116
16/JUNE/2020;329.9479
17/JUNE/2020;315.9271
18/JUNE/2020;284.8854
19/JUNE/2020;291.875
20/JUNE/2020;376.53125
21/JUNE/2020;438.3125
22/JUNE/2020;466.3854
23/JUNE/2020;471.8958
24/JUNE/2020;481.2396
25/JUNE/2020;492.40625
26/JUNE/2020;494.73956
27/JUNE/2020;495.8333
28/JUNE/2020;494.7083
29/JUNE/2020;494.16666
30/JUNE/2020;495.84372
31/JUNE/2020;None
1/JULY/2020;499
2/JULY/2020;500.97916
3/JULY/2020;490.1042
4/JULY/2020;406.2973
5/JULY/2020;403.00003
6/JULY/2020;None
7/JULY/2020;492.1923
8/JULY/2020;490.64584
9/JULY/2020;489.1875
10/JULY/2020;486.4375
11/JULY/2020;483.2604
12/JULY/2020;479.1667
13/JULY/2020;475
14/JULY/2020;472.5104
15/JULY/2020;470.6979
16/JULY/2020;468.3854
17/JULY/2020;466.47916
18/JULY/2020;461.79166
19/JULY/2020;455.52084
20/JULY/2020;449.71875
21/JULY/2020;445.4583
22/JULY/2020;438.1875
23/JULY/2020;430.4167
24/JULY/2020;424.9792
25/JULY/2020;415.9896
26/JULY/2020;404.31253
27/JULY/2020;394.41666
28/JULY/2020;386.04166
29/JULY/2020;380.25
30/JULY/2020;374.33334
31/JULY/2020;364.9896
1/AUGUST/2020;352.6875
2/AUGUST/2020;338.1875
3/AUGUST/2020;325.27084
4/AUGUST/2020;316.8021
5/AUGUST/2020;308.7396
6/AUGUST/2020;305.7604
7/AUGUST/2020;303.84375
8/AUGUST/2020;294.25
9/AUGUST/2020;274.6771
10/AUGUST/2020;267.8646
11/AUGUST/2020;270.1354
12/AUGUST/2020;270.59375
13/AUGUST/2020;277.97916
14/AUGUST/2020;269.78125
15/AUGUST/2020;253.38542
16/AUGUST/2020;247.21875
17/AUGUST/2020;260.9271
18/AUGUST/2020;281.90625
19/AUGUST/2020;289.21875
20/AUGUST/2020;288.8854
21/AUGUST/2020;295.5625
22/AUGUST/2020;298.3229
23/AUGUST/2020;306.41666
24/AUGUST/2020;310.8021
25/AUGUST/2020;313.45834
26/AUGUST/2020;313.9271
27/AUGUST/2020;303.6771
28/AUGUST/2020;290.6146
29/AUGUST/2020;284.1875
30/AUGUST/2020;279.875
31/AUGUST/2020;272.125
1/SEPTEMBER/2020;269.625
2/SEPTEMBER/2020;273.20834
3/SEPTEMBER/2020;277.75
4/SEPTEMBER/2020;282.0625
5/SEPTEMBER/2020;285.4375
6/SEPTEMBER/2020;288.20834
7/SEPTEMBER/2020;289.08334
8/SEPTEMBER/2020;289.3646
9/SEPTEMBER/2020;292.29166
10/SEPTEMBER/2020;294.79166
11/SEPTEMBER/2020;295.8021
12/SEPTEMBER/2020;296.78125
13/SEPTEMBER/2020;294.125
14/SEPTEMBER/2020;291.03125
15/SEPTEMBER/2020;291.4896
16/SEPTEMBER/2020;294.64584
17/SEPTEMBER/2020;296.34375
18/SEPTEMBER/2020;295.84375
19/SEPTEMBER/2020;294.47916
20/SEPTEMBER/2020;290.4375
21/SEPTEMBER/2020;286.6979
22/SEPTEMBER/2020;286.79166
23/SEPTEMBER/2020;288.10843
24/SEPTEMBER/2020;286.66153
25/SEPTEMBER/2020;286.3646
26/SEPTEMBER/2020;285.375
27/SEPTEMBER/2020;284.28125
28/SEPTEMBER/2020;282.8021
29/SEPTEMBER/2020;280.8854
30/SEPTEMBER/2020;279.35416
31/SEPTEMBER/2020;None
1/OCTOBER/2020;277.6413
2/OCTOBER/2020;276.5
3/OCTOBER/2020;274.43478
4/OCTOBER/2020;273.35416
5/OCTOBER/2020;271.78125
6/OCTOBER/2020;270.3646
7/OCTOBER/2020;269.40625
8/OCTOBER/2020;268.1875
9/OCTOBER/2020;266.58334
10/OCTOBER/2020;263.4896
11/OCTOBER/2020;252.35869
12/OCTOBER/2020;249.07292
13/OCTOBER/2020;243.47917
14/OCTOBER/2020;241.02084
15/OCTOBER/2020;239.66667
16/OCTOBER/2020;238.81252
17/OCTOBER/2020;238.8261
18/OCTOBER/2020;238.05263
19/OCTOBER/2020;237.30107
20/OCTOBER/2020;235.65625
21/OCTOBER/2020;234.09373
22/OCTOBER/2020;233.34782
23/OCTOBER/2020;232.60869
24/OCTOBER/2020;232.22826
25/OCTOBER/2020;232.85416
26/OCTOBER/2020;233.48958
27/OCTOBER/2020;232.6739
28/OCTOBER/2020;232.1413
29/OCTOBER/2020;232.52083
30/OCTOBER/2020;232.45833
31/OCTOBER/2020;232.40625
1/NOVEMBER/2020;230.75
2/NOVEMBER/2020;233.77173
3/NOVEMBER/2020;235.39581
4/NOVEMBER/2020;235.15623
5/NOVEMBER/2020;234.82608
6/NOVEMBER/2020;234.60226
7/NOVEMBER/2020;233.92708
8/NOVEMBER/2020;232.90625
9/NOVEMBER/2020;233.06818
10/NOVEMBER/2020;233.08694
11/NOVEMBER/2020;229.59375
12/NOVEMBER/2020;225.55208
13/NOVEMBER/2020;224.27174
14/NOVEMBER/2020;226.0625
15/NOVEMBER/2020;230.4
16/NOVEMBER/2020;239.34377
17/NOVEMBER/2020;242.15218
18/NOVEMBER/2020;245.0625
19/NOVEMBER/2020;245.35417
20/NOVEMBER/2020;245.26137
21/NOVEMBER/2020;245.54347
22/NOVEMBER/2020;245.90625
23/NOVEMBER/2020;245.48958
24/NOVEMBER/2020;244.28261
25/NOVEMBER/2020;245.09782
26/NOVEMBER/2020;246.93478
27/NOVEMBER/2020;246.46739
28/NOVEMBER/2020;246.45653
29/NOVEMBER/2020;246.82292
30/NOVEMBER/2020;247.01099
31/NOVEMBER/2020;None
1/DECEMBER/2020;247.75
2/DECEMBER/2020;246.27272
3/DECEMBER/2020;245.31818
4/DECEMBER/2020;249.95653
5/DECEMBER/2020;252.625
6/DECEMBER/2020;257.62106
7/DECEMBER/2020;259.19354
8/DECEMBER/2020;258.70834
9/DECEMBER/2020;256.94318
10/DECEMBER/2020;256.78125
11/DECEMBER/2020;256.94565
12/DECEMBER/2020;256.1146
13/DECEMBER/2020;253.20833
14/DECEMBER/2020;253
15/DECEMBER/2020;252.5625
16/DECEMBER/2020;250.80208
17/DECEMBER/2020;249.5625
18/DECEMBER/2020;251.22917
19/DECEMBER/2020;254.1875
20/DECEMBER/2020;252.16667
21/DECEMBER/2020;253.05208
22/DECEMBER/2020;255.82292
23/DECEMBER/2020;258.83334
24/DECEMBER/2020;258.6354
25/DECEMBER/2020;261.125
26/DECEMBER/2020;263.14584
27/DECEMBER/2020;262.58334
28/DECEMBER/2020;262.5625
29/DECEMBER/2020;265
30/DECEMBER/2020;264.53125
31/DECEMBER/2020;264.77084
1/JANUARY/2021;265.875
2/JANUARY/2021;265.1875
3/JANUARY/2021;267.6979
4/JANUARY/2021;268.1979
5/JANUARY/2021;269.15625
6/JANUARY/2021;270.41666
7/JANUARY/2021;270.5
8/JANUARY/2021;271.6771
9/JANUARY/2021;272.1146
10/JANUARY/2021;273.15625
11/JANUARY/2021;272.8646
12/JANUARY/2021;271.5104
13/JANUARY/2021;271.1354
14/JANUARY/2021;269.8646
15/JANUARY/2021;269.47916
16/JANUARY/2021;270.5729
17/JANUARY/2021;269.9479
18/JANUARY/2021;268.79166
19/JANUARY/2021;269.22916
20/JANUARY/2021;268.72916
21/JANUARY/2021;268.39584
22/JANUARY/2021;268.04166
23/JANUARY/2021;269.15625
24/JANUARY/2021;271.08334
25/JANUARY/2021;271.08334
26/JANUARY/2021;272.6875
27/JANUARY/2021;271.9479
28/JANUARY/2021;272.90625
29/JANUARY/2021;271.5
30/JANUARY/2021;268.4479
31/JANUARY/2021;267.15625
1/FEBRUARY/2021;265
2/FEBRUARY/2021;265.1771
3/FEBRUARY/2021;265.0625
4/FEBRUARY/2021;265.29166
5/FEBRUARY/2021;264.96875
6/FEBRUARY/2021;265.4375
7/FEBRUARY/2021;272.58334
8/FEBRUARY/2021;285.65625
9/FEBRUARY/2021;292.40625
10/FEBRUARY/2021;295.58334
11/FEBRUARY/2021;296.85416
12/FEBRUARY/2021;296.6354
13/FEBRUARY/2021;300.90625
14/FEBRUARY/2021;303.1771
15/FEBRUARY/2021;312.375
16/FEBRUARY/2021;323.8021
17/FEBRUARY/2021;326.8021
18/FEBRUARY/2021;355.16666
19/FEBRUARY/2021;395.6771
20/FEBRUARY/2021;422.2604
21/FEBRUARY/2021;437.6875
22/FEBRUARY/2021;370.64584
23/FEBRUARY/2021;363.3229
24/FEBRUARY/2021;384.375
25/FEBRUARY/2021;403.39584
26/FEBRUARY/2021;423.2604
27/FEBRUARY/2021;434.03125
28/FEBRUARY/2021;443.46875
29/FEBRUARY/2021;None
30/FEBRUARY/2021;None
31/FEBRUARY/2021;None
1/MARCH/2021;452.21875
2/MARCH/2021;471.52084
3/MARCH/2021;488.0104
4/MARCH/2021;501.78128
5/MARCH/2021;502.1667
6/MARCH/2021;499.40628
7/MARCH/2021;456.07294
8/MARCH/2021;425.37497
9/MARCH/2021;418.87497
10/MARCH/2021;419.1354
11/MARCH/2021;418.87497
12/MARCH/2021;419.17706
13/MARCH/2021;419.0208
14/MARCH/2021;419.0729
15/MARCH/2021;419.46875
16/MARCH/2021;419.11456
17/MARCH/2021;418.96872
18/MARCH/2021;419.1458
19/MARCH/2021;418.6979
20/MARCH/2021;419.11456
21/MARCH/2021;418.92706
22/MARCH/2021;419.47916
23/MARCH/2021;419.5
24/MARCH/2021;419.6979
25/MARCH/2021;419.23956
26/MARCH/2021;419.6458
27/MARCH/2021;419.7083
28/MARCH/2021;419.2708
29/MARCH/2021;419.68182
30/MARCH/2021;419.7708
31/MARCH/2021;419.5
1/APRIL/2021;419.46875
2/APRIL/2021;419.10416
3/APRIL/2021;419.72916
4/APRIL/2021;419.85416
5/APRIL/2021;419.66666
6/APRIL/2021;419.5729
7/APRIL/2021;419.5625
8/APRIL/2021;419.29166
9/APRIL/2021;419.65625
10/APRIL/2021;419.65625
11/APRIL/2021;419.71875
12/APRIL/2021;419.53125
13/APRIL/2021;419.66666
14/APRIL/2021;419.3854
15/APRIL/2021;425.43747
16/APRIL/2021;444.46875
17/APRIL/2021;448.53125
18/APRIL/2021;448.65625
19/APRIL/2021;448.3854
20/APRIL/2021;448.78125
21/APRIL/2021;460.52084
22/APRIL/2021;459.82294
23/APRIL/2021;444.55206
24/APRIL/2021;431.9375
25/APRIL/2021;424.0729
26/APRIL/2021;424.55206
27/APRIL/2021;421.29166
28/APRIL/2021;421.0104
29/APRIL/2021;421.90622
30/APRIL/2021;423.6979
31/APRIL/2021;None
1/MAY/2021;426.25
2/MAY/2021;428.6667
3/MAY/2021;423.90625
4/MAY/2021;414.5
5/MAY/2021;400.08334
6/MAY/2021;383.34375
7/MAY/2021;367.0729
8/MAY/2021;348.71875
9/MAY/2021;337
10/MAY/2021;None
11/MAY/2021;429.6316
12/MAY/2021;424.53125
13/MAY/2021;414.21875
14/MAY/2021;401.90625
15/MAY/2021;390.16666
16/MAY/2021;379.5625
17/MAY/2021;368.5521
18/MAY/2021;357.71875
19/MAY/2021;343.91666
20/MAY/2021;314.47916
21/MAY/2021;294.83334
22/MAY/2021;288.9896
23/MAY/2021;290.75
24/MAY/2021;303.52084
25/MAY/2021;390.625
26/MAY/2021;446.66782
27/MAY/2021;565.55145
28/MAY/2021;611.6667
29/MAY/2021;620.6458
30/MAY/2021;622.01044
31/MAY/2021;618.98956
1/JUNE/2021;626.6875
2/JUNE/2021;634.7083
3/JUNE/2021;626.2917
4/JUNE/2021;631.1875
5/JUNE/2021;648.59375
6/JUNE/2021;644.15625
7/JUNE/2021;639.09375
8/JUNE/2021;640.21875
9/JUNE/2021;647.36456
10/JUNE/2021;650.53125
11/JUNE/2021;651.05206
12/JUNE/2021;648.17706
13/JUNE/2021;638.05206
14/JUNE/2021;627.7292
15/JUNE/2021;623.26044
16/JUNE/2021;622.4375
17/JUNE/2021;621.32294
18/JUNE/2021;634.5625
19/JUNE/2021;647.8333
20/JUNE/2021;650.71875
21/JUNE/2021;641.5208
22/JUNE/2021;609.2292
23/JUNE/2021;609.19794
24/JUNE/2021;609.1667
25/JUNE/2021;609.2083
26/JUNE/2021;630.34375
27/JUNE/2021;636.34375
28/JUNE/2021;624.8958
29/JUNE/2021;616.5
30/JUNE/2021;605.7708
31/JUNE/2021;None
1/JULY/2021;596.5529
2/JULY/2021;605.4471
3/JULY/2021;644.92706
4/JULY/2021;633.28125
5/JULY/2021;621.78125
6/JULY/2021;615.69794
7/JULY/2021;609.82294
8/JULY/2021;608.30206
9/JULY/2021;606.2708
10/JULY/2021;599.01044
11/JULY/2021;584.2917
12/JULY/2021;576.4792
13/JULY/2021;573.03125
14/JULY/2021;566.8958
15/JULY/2021;557.92706
16/JULY/2021;546.7761
17/JULY/2021;530
18/JULY/2021;None
19/JULY/2021;None
20/JULY/2021;628.44684
21/JULY/2021;623.23956
22/JULY/2021;616.80206
23/JULY/2021;610.5
24/JULY/2021;606.375
25/JULY/2021;598.9792
26/JULY/2021;593.4375
27/JULY/2021;589.6458
28/JULY/2021;584.875
29/JULY/2021;578.98956
30/JULY/2021;577.4375
31/JULY/2021;572.71875
1/AUGUST/2021;538.0028
2/AUGUST/2021;534.25073
3/AUGUST/2021;544.1775
4/AUGUST/2021;543.7292
5/AUGUST/2021;535.28125
6/AUGUST/2021;527.76044
7/AUGUST/2021;522.3958
8/AUGUST/2021;518.98956
9/AUGUST/2021;514.6042
10/AUGUST/2021;509.1771
11/AUGUST/2021;503.8718
12/AUGUST/2021;496.9315
13/AUGUST/2021;492.6354
14/AUGUST/2021;486.4375
15/AUGUST/2021;485.15625
16/AUGUST/2021;477.33334
17/AUGUST/2021;477.26044
18/AUGUST/2021;480.40625
19/AUGUST/2021;470.22916
20/AUGUST/2021;458.46875
21/AUGUST/2021;445.0104
22/AUGUST/2021;444.21875
23/AUGUST/2021;445.3958
24/AUGUST/2021;449.90527
25/AUGUST/2021;453.3021
26/AUGUST/2021;454.90628
27/AUGUST/2021;458.9271
28/AUGUST/2021;460.94794
29/AUGUST/2021;461.75
30/AUGUST/2021;461.69565
31/AUGUST/2021;462.33334
1/SEPTEMBER/2021;None
2/SEPTEMBER/2021;None
3/SEPTEMBER/2021;464.4634
4/SEPTEMBER/2021;463.39584
5/SEPTEMBER/2021;461.8021
6/SEPTEMBER/2021;462.41666
7/SEPTEMBER/2021;459.95834
8/SEPTEMBER/2021;458.7917
9/SEPTEMBER/2021;460.04166
10/SEPTEMBER/2021;459.96875
11/SEPTEMBER/2021;459.8646
12/SEPTEMBER/2021;458.65625
13/SEPTEMBER/2021;460.33334
14/SEPTEMBER/2021;460.8049
15/SEPTEMBER/2021;197.93846
16/SEPTEMBER/2021;195.5
17/SEPTEMBER/2021;193.23958
18/SEPTEMBER/2021;190.94792
19/SEPTEMBER/2021;188.94792
20/SEPTEMBER/2021;187.07292
21/SEPTEMBER/2021;187.0625
22/SEPTEMBER/2021;187.70833
23/SEPTEMBER/2021;187.32292
24/SEPTEMBER/2021;184.98958
25/SEPTEMBER/2021;185.48958
26/SEPTEMBER/2021;185.41667
27/SEPTEMBER/2021;186.19792
28/SEPTEMBER/2021;187.33333
29/SEPTEMBER/2021;188.3125
30/SEPTEMBER/2021;191.41667
31/SEPTEMBER/2021;None
1/OCTOBER/2021;193.28125
2/OCTOBER/2021;195.98958
3/OCTOBER/2021;198.8125
4/OCTOBER/2021;200.14583
5/OCTOBER/2021;202.58333
6/OCTOBER/2021;205.0625
7/OCTOBER/2021;205.5
8/OCTOBER/2021;204.91667
9/OCTOBER/2021;204.80208
10/OCTOBER/2021;204.69792
11/OCTOBER/2021;204.28125
12/OCTOBER/2021;204.38542
13/OCTOBER/2021;204.92708
14/OCTOBER/2021;208.05208
15/OCTOBER/2021;209.9479
16/OCTOBER/2021;213.02084
17/OCTOBER/2021;212.6875
18/OCTOBER/2021;212.59375
19/OCTOBER/2021;215.47917
20/OCTOBER/2021;215.22917
21/OCTOBER/2021;214.39584
22/OCTOBER/2021;214.4896
23/OCTOBER/2021;217.55208
24/OCTOBER/2021;219.16667
25/OCTOBER/2021;225.54167
26/OCTOBER/2021;226.09375
27/OCTOBER/2021;223.35417
28/OCTOBER/2021;220.0625
29/OCTOBER/2021;222.11458
30/OCTOBER/2021;225.80208
31/OCTOBER/2021;230.52083
1/NOVEMBER/2021;231.29167
2/NOVEMBER/2021;230.10416
3/NOVEMBER/2021;229.8854
4/NOVEMBER/2021;227.75
5/NOVEMBER/2021;225.09782
6/NOVEMBER/2021;217.375
7/NOVEMBER/2021;214.59784
8/NOVEMBER/2021;212.38043
9/NOVEMBER/2021;209.92708
10/NOVEMBER/2021;207.27083
11/NOVEMBER/2021;208.7604
12/NOVEMBER/2021;206.42708
13/NOVEMBER/2021;205.08333
14/NOVEMBER/2021;203.85417
15/NOVEMBER/2021;206.3229
16/NOVEMBER/2021;209.49998
17/NOVEMBER/2021;212.40625
18/NOVEMBER/2021;215.1146
19/NOVEMBER/2021;221.375
20/NOVEMBER/2021;229.41667
21/NOVEMBER/2021;235.98958
22/NOVEMBER/2021;237.46875
23/NOVEMBER/2021;240.78127
24/NOVEMBER/2021;244.08333
25/NOVEMBER/2021;245.57292
26/NOVEMBER/2021;247.04167
27/NOVEMBER/2021;248.58333
28/NOVEMBER/2021;250.38542
29/NOVEMBER/2021;255.45833
30/NOVEMBER/2021;263.64584
31/NOVEMBER/2021;None
1/DECEMBER/2021;269.39584
2/DECEMBER/2021;271.95834
3/DECEMBER/2021;278.0521
4/DECEMBER/2021;284.7604
5/DECEMBER/2021;290.3854
6/DECEMBER/2021;294.375
7/DECEMBER/2021;294.71875
8/DECEMBER/2021;295.65625
9/DECEMBER/2021;296.02084
10/DECEMBER/2021;297.83334
11/DECEMBER/2021;301.2604
12/DECEMBER/2021;309.21875
13/DECEMBER/2021;315.3021
14/DECEMBER/2021;321.58334
15/DECEMBER/2021;324.14584
16/DECEMBER/2021;326.52084
17/DECEMBER/2021;332.01315
18/DECEMBER/2021;333.5104
19/DECEMBER/2021;344.02084
20/DECEMBER/2021;352.27173
21/DECEMBER/2021;358.96875
22/DECEMBER/2021;361.5
23/DECEMBER/2021;367
24/DECEMBER/2021;374.6771
25/DECEMBER/2021;389.71112
26/DECEMBER/2021;309.70175
27/DECEMBER/2021;337.14584
28/DECEMBER/2021;368.6354
29/DECEMBER/2021;377.6087
30/DECEMBER/2021;384.40625
31/DECEMBER/2021;397.02084
1/JANUARY/2022;397.35416
2/JANUARY/2022;397.0909
3/JANUARY/2022;397.65625
4/JANUARY/2022;397.4479
5/JANUARY/2022;397.21875
6/JANUARY/2022;397.04166
7/JANUARY/2022;397.29166
8/JANUARY/2022;397
9/JANUARY/2022;397.3125
10/JANUARY/2022;397.1875
11/JANUARY/2022;397.6979
12/JANUARY/2022;397.27084
13/JANUARY/2022;397.52084
14/JANUARY/2022;397.6875
15/JANUARY/2022;397.875
16/JANUARY/2022;397.96875
17/JANUARY/2022;397.3125
18/JANUARY/2022;397.52084
19/JANUARY/2022;397.7604
20/JANUARY/2022;397.65625
21/JANUARY/2022;398.09375
22/JANUARY/2022;397.97916
23/JANUARY/2022;397.90625
24/JANUARY/2022;397.6875
25/JANUARY/2022;397.5521
26/JANUARY/2022;397.63635
27/JANUARY/2022;397.5521
28/JANUARY/2022;397.3854
29/JANUARY/2022;397.60416
30/JANUARY/2022;397.39584
31/JANUARY/2022;397.65625
1/FEBRUARY/2022;397.84375
2/FEBRUARY/2022;397.92044
3/FEBRUARY/2022;397.4479
4/FEBRUARY/2022;397.90625
5/FEBRUARY/2022;397.4375
6/FEBRUARY/2022;397.53125
7/FEBRUARY/2022;397.85416
8/FEBRUARY/2022;397.71277
9/FEBRUARY/2022;397.64774
10/FEBRUARY/2022;397.66666
11/FEBRUARY/2022;397.8229
12/FEBRUARY/2022;397.64584
13/FEBRUARY/2022;397.8125
14/FEBRUARY/2022;397.6875
15/FEBRUARY/2022;397.9271
16/FEBRUARY/2022;397.3854
17/FEBRUARY/2022;398.09375
18/FEBRUARY/2022;397.77084
19/FEBRUARY/2022;397.125
20/FEBRUARY/2022;397.83334
21/FEBRUARY/2022;397.0729
22/FEBRUARY/2022;397.0104
23/FEBRUARY/2022;397.64584
24/FEBRUARY/2022;397.09375
25/FEBRUARY/2022;397.5
26/FEBRUARY/2022;397.06897
27/FEBRUARY/2022;397.62338
28/FEBRUARY/2022;397.9114
29/FEBRUARY/2022;None
30/FEBRUARY/2022;None
31/FEBRUARY/2022;None
1/MARCH/2022;397.11765
2/MARCH/2022;397
3/MARCH/2022;397
4/MARCH/2022;398
5/MARCH/2022;398
6/MARCH/2022;398
7/MARCH/2022;397.65216
8/MARCH/2022;397.49426
9/MARCH/2022;None
10/MARCH/2022;None
11/MARCH/2022;None
12/MARCH/2022;None
13/MARCH/2022;None
14/MARCH/2022;None
15/MARCH/2022;None
16/MARCH/2022;None
17/MARCH/2022;None
18/MARCH/2022;None
19/MARCH/2022;None
20/MARCH/2022;None
21/MARCH/2022;None
22/MARCH/2022;None
23/MARCH/2022;None
24/MARCH/2022;None
25/MARCH/2022;None
26/MARCH/2022;None
27/MARCH/2022;None
28/MARCH/2022;None
29/MARCH/2022;None
30/MARCH/2022;None
31/MARCH/2022;None
1/APRIL/2022;None
2/APRIL/2022;None
3/APRIL/2022;None
4/APRIL/2022;None
5/APRIL/2022;None
6/APRIL/2022;None
7/APRIL/2022;399.13953
8/APRIL/2022;398.4271
9/APRIL/2022;398.89584
10/APRIL/2022;398.90625
11/APRIL/2022;398.96875
12/APRIL/2022;398.8021
13/APRIL/2022;398.54166
14/APRIL/2022;398.3021
15/APRIL/2022;398.54166
16/APRIL/2022;398.8646
17/APRIL/2022;398.625
18/APRIL/2022;398.3854
19/APRIL/2022;398.2604
20/APRIL/2022;398.90625
21/APRIL/2022;398.79166
22/APRIL/2022;398.5521
23/APRIL/2022;398.8125
24/APRIL/2022;398.58334
25/APRIL/2022;399
26/APRIL/2022;398.96875
27/APRIL/2022;398.97916
28/APRIL/2022;399
29/APRIL/2022;399.02084
30/APRIL/2022;399
31/APRIL/2022;None
1/MAY/2022;399.04166
2/MAY/2022;398.84784
3/MAY/2022;399
4/MAY/2022;399.1146
5/MAY/2022;398.7604
6/MAY/2022;398.52084
7/MAY/2022;398.8229
8/MAY/2022;399.0521
9/MAY/2022;399.0104
10/MAY/2022;398.95834
11/MAY/2022;398.96875
12/MAY/2022;398.97916
13/MAY/2022;398.75
14/MAY/2022;398.8021
15/MAY/2022;399.09375
16/MAY/2022;399.1263
17/MAY/2022;398.9271
18/MAY/2022;398.2396
19/MAY/2022;397.6771
20/MAY/2022;397.96875
21/MAY/2022;397.97916
22/MAY/2022;398.21875
23/MAY/2022;398.5
24/MAY/2022;398.91666
25/MAY/2022;398.6875
26/MAY/2022;398.4479
27/MAY/2022;411.33334
28/MAY/2022;411.83334
29/MAY/2022;395.875
30/MAY/2022;385.85416
31/MAY/2022;371.16843
1/JUNE/2022;367.1771
2/JUNE/2022;338.0842
3/JUNE/2022;367.78125
4/JUNE/2022;370.58334
5/JUNE/2022;360.53125
6/JUNE/2022;376.125
7/JUNE/2022;447.72916
8/JUNE/2022;449.60416
9/JUNE/2022;449.6875
10/JUNE/2022;449.59375
11/JUNE/2022;449.5729
12/JUNE/2022;449.52084
13/JUNE/2022;449.8021
14/JUNE/2022;449.77084
15/JUNE/2022;449.7396
16/JUNE/2022;449.9896
17/JUNE/2022;449.8021
18/JUNE/2022;449.72916
19/JUNE/2022;449.78125
20/JUNE/2022;449.64584
21/JUNE/2022;449.6354
22/JUNE/2022;449.75
23/JUNE/2022;449.91666
24/JUNE/2022;450.0521
25/JUNE/2022;449.91666
26/JUNE/2022;449.59375
27/JUNE/2022;449.60416
28/JUNE/2022;449.54166
29/JUNE/2022;449.6771
30/JUNE/2022;449.72916
31/JUNE/2022;None
1/JULY/2022;449.7604
2/JULY/2022;449.9896
3/JULY/2022;449.9896
4/JULY/2022;449.60416
5/JULY/2022;449.6771
6/JULY/2022;449.79166
7/JULY/2022;449.78125
8/JULY/2022;451.3125
9/JULY/2022;454.83334
10/JULY/2022;438.41666
11/JULY/2022;411.41666
12/JULY/2022;396.875
13/JULY/2022;385.3854
14/JULY/2022;368.1875
15/JULY/2022;376.0104
16/JULY/2022;358.7604
17/JULY/2022;340.33334
18/JULY/2022;311.27084
19/JULY/2022;310.9375
20/JULY/2022;311.1354
21/JULY/2022;293.875
22/JULY/2022;222.17708
23/JULY/2022;215.04167
24/JULY/2022;222.6875
25/JULY/2022;205.82292
26/JULY/2022;198.22917
27/JULY/2022;187.63542
28/JULY/2022;165.51042
29/JULY/2022;189.01042
30/JULY/2022;144.84375
31/JULY/2022;151.10417
1/AUGUST/2022;129.95833
2/AUGUST/2022;115.791664
3/AUGUST/2022;105.208336
4/AUGUST/2022;111.552086
5/AUGUST/2022;36.1875
6/AUGUST/2022;8.083333
7/AUGUST/2022;21.15625
8/AUGUST/2022;5.5416665
9/AUGUST/2022;-1.0416666
10/AUGUST/2022;12.78125
11/AUGUST/2022;50.975903
12/AUGUST/2022;None
13/AUGUST/2022;None
14/AUGUST/2022;None
15/AUGUST/2022;None
16/AUGUST/2022;None
17/AUGUST/2022;None
18/AUGUST/2022;None
19/AUGUST/2022;None
20/AUGUST/2022;None
21/AUGUST/2022;None
22/AUGUST/2022;None
23/AUGUST/2022;None
24/AUGUST/2022;210.91765
25/AUGUST/2022;213.11458
26/AUGUST/2022;218.82292
27/AUGUST/2022;219.74359
28/AUGUST/2022;None
29/AUGUST/2022;228.63158
30/AUGUST/2022;224.89362
31/AUGUST/2022;None
1/SEPTEMBER/2022;None
2/SEPTEMBER/2022;218.09375
3/SEPTEMBER/2022;211.65625
4/SEPTEMBER/2022;200.42708
5/SEPTEMBER/2022;191
6/SEPTEMBER/2022;189.72917
7/SEPTEMBER/2022;193.09375
8/SEPTEMBER/2022;194.0625
9/SEPTEMBER/2022;188.57292
10/SEPTEMBER/2022;184.29167
11/SEPTEMBER/2022;182.20653
12/SEPTEMBER/2022;181.11458
13/SEPTEMBER/2022;183.54167
14/SEPTEMBER/2022;184.4375
15/SEPTEMBER/2022;185.6875
16/SEPTEMBER/2022;187
17/SEPTEMBER/2022;None
18/SEPTEMBER/2022;None
19/SEPTEMBER/2022;None
20/SEPTEMBER/2022;None
21/SEPTEMBER/2022;None
22/SEPTEMBER/2022;None
23/SEPTEMBER/2022;None
24/SEPTEMBER/2022;None
25/SEPTEMBER/2022;None
26/SEPTEMBER/2022;None
27/SEPTEMBER/2022;None
28/SEPTEMBER/2022;None
29/SEPTEMBER/2022;None
30/SEPTEMBER/2022;None
31/SEPTEMBER/2022;None
1/OCTOBER/2022;None
2/OCTOBER/2022;None
3/OCTOBER/2022;None
4/OCTOBER/2022;None
5/OCTOBER/2022;None
6/OCTOBER/2022;None
7/OCTOBER/2022;None
8/OCTOBER/2022;None
9/OCTOBER/2022;None
10/OCTOBER/2022;None
11/OCTOBER/2022;None
12/OCTOBER/2022;None
13/OCTOBER/2022;None
14/OCTOBER/2022;None
15/OCTOBER/2022;None
16/OCTOBER/2022;None
17/OCTOBER/2022;None
18/OCTOBER/2022;None
19/OCTOBER/2022;None
20/OCTOBER/2022;None
21/OCTOBER/2022;None
22/OCTOBER/2022;None
23/OCTOBER/2022;None
24/OCTOBER/2022;None
25/OCTOBER/2022;None
26/OCTOBER/2022;None
27/OCTOBER/2022;None
28/OCTOBER/2022;None
29/OCTOBER/2022;None
30/OCTOBER/2022;None
31/OCTOBER/2022;None
1/NOVEMBER/2022;None
2/NOVEMBER/2022;None
3/NOVEMBER/2022;None
4/NOVEMBER/2022;None
5/NOVEMBER/2022;None
6/NOVEMBER/2022;None
7/NOVEMBER/2022;None
8/NOVEMBER/2022;None
9/NOVEMBER/2022;None
10/NOVEMBER/2022;None
11/NOVEMBER/2022;None
12/NOVEMBER/2022;None
13/NOVEMBER/2022;None
14/NOVEMBER/2022;None
15/NOVEMBER/2022;None
16/NOVEMBER/2022;None
17/NOVEMBER/2022;None
18/NOVEMBER/2022;None
19/NOVEMBER/2022;None
20/NOVEMBER/2022;None
21/NOVEMBER/2022;None
22/NOVEMBER/2022;None
23/NOVEMBER/2022;None
24/NOVEMBER/2022;None
25/NOVEMBER/2022;None
26/NOVEMBER/2022;None
27/NOVEMBER/2022;None
28/NOVEMBER/2022;None
29/NOVEMBER/2022;None
30/NOVEMBER/2022;None
31/NOVEMBER/2022;None
1/DECEMBER/2022;None
2/DECEMBER/2022;None
3/DECEMBER/2022;None
4/DECEMBER/2022;None
5/DECEMBER/2022;None
6/DECEMBER/2022;None
7/DECEMBER/2022;None
8/DECEMBER/2022;None
9/DECEMBER/2022;None
10/DECEMBER/2022;None
11/DECEMBER/2022;None
12/DECEMBER/2022;None
13/DECEMBER/2022;None
14/DECEMBER/2022;None
15/DECEMBER/2022;None
16/DECEMBER/2022;None
17/DECEMBER/2022;None
18/DECEMBER/2022;None
19/DECEMBER/2022;None
20/DECEMBER/2022;None
21/DECEMBER/2022;None
22/DECEMBER/2022;None
23/DECEMBER/2022;None
24/DECEMBER/2022;None
25/DECEMBER/2022;None
26/DECEMBER/2022;None
27/DECEMBER/2022;None
28/DECEMBER/2022;None
29/DECEMBER/2022;None
30/DECEMBER/2022;None
31/DECEMBER/2022;None
